{
	"BUILD_DIR" : "E:/Team 3 New/CS370-Team3/370-project/build/Desktop_Qt_6_9_1_MinGW_64_bit-Release/370-Project_autogen",
	"CMAKE_BINARY_DIR" : "E:/Team 3 New/CS370-Team3/370-project/build/Desktop_Qt_6_9_1_MinGW_64_bit-Release",
	"CMAKE_CURRENT_BINARY_DIR" : "E:/Team 3 New/CS370-Team3/370-project/build/Desktop_Qt_6_9_1_MinGW_64_bit-Release",
	"CMAKE_CURRENT_SOURCE_DIR" : "E:/Team 3 New/CS370-Team3/370-project",
	"CMAKE_SOURCE_DIR" : "E:/Team 3 New/CS370-Team3/370-project",
	"CROSS_CONFIG" : false,
	"GENERATOR" : "Ninja",
	"INCLUDE_DIR" : "E:/Team 3 New/CS370-Team3/370-project/build/Desktop_Qt_6_9_1_MinGW_64_bit-Release/370-Project_autogen/include",
	"INPUTS" : 
	[
		"E:/Team 3 New/CS370-Team3/370-project/map.qml",
		"E:/Team 3 New/CS370-Team3/370-project/icons/add_button.png",
		"E:/Team 3 New/CS370-Team3/370-project/icons/warning_level_notice.png",
		"E:/Team 3 New/CS370-Team3/370-project/icons/Create Class Icon Placeholder.png",
		"E:/Team 3 New/CS370-Team3/370-project/icons/Cluster Window Icon Placeholder.png",
		"E:/Team 3 New/CS370-Team3/370-project/icons/Windows_Settings_app_icon.png",
		"E:/Team 3 New/CS370-Team3/370-project/icons/sign-up-icon-signup-square-box-on-transparent-background-free-png.png",
		"E:/Team 3 New/CS370-Team3/370-project/icons/trash-can-icon.png",
		"E:/Team 3 New/CS370-Team3/370-project/icons/warning_level_warning.png",
		"E:/Team 3 New/CS370-Team3/370-project/icons/warning_level_error.png"
	],
	"LOCK_FILE" : "E:/Team 3 New/CS370-Team3/370-project/build/Desktop_Qt_6_9_1_MinGW_64_bit-Release/CMakeFiles/370-Project_autogen.dir/AutoRcc_resources_EWIEGA46WW_Lock.lock",
	"MULTI_CONFIG" : false,
	"OPTIONS" : [ "--no-zstd", "-name", "resources" ],
	"OUTPUT_CHECKSUM" : "EWIEGA46WW",
	"OUTPUT_NAME" : "qrc_resources.cpp",
	"RCC_EXECUTABLE" : "E:/Qt/6.9.1/mingw_64/bin/rcc.exe",
	"RCC_LIST_OPTIONS" : [ "--list" ],
	"SETTINGS_FILE" : "E:/Team 3 New/CS370-Team3/370-project/build/Desktop_Qt_6_9_1_MinGW_64_bit-Release/CMakeFiles/370-Project_autogen.dir/AutoRcc_resources_EWIEGA46WW_Used.txt",
	"SOURCE" : "E:/Team 3 New/CS370-Team3/370-project/resources.qrc",
	"USE_BETTER_GRAPH" : true,
	"VERBOSITY" : 0
}
